{"epochs": [1, 2, 3, 4, 5, 6, 7, 8, 9, 10, 11, 12, 13, 14, 15, 16, 17, 18, 19, 20, 21, 22, 23, 24, 25, 26, 27, 28, 29, 30, 31, 32, 33, 34, 35, 36, 37, 38, 39, 40, 41, 42, 43, 44, 45, 46, 47, 48], "dynamicLR": [0.001, 0.001, 0.001, 0.001, 0.001, 0.001, 0.001, 0.001, 0.001, 0.001, 0.0001, 0.0001, 0.0001, 0.0001, 0.0001, 0.0001, 0.0001, 0.0001, 0.0001, 0.0001, 1e-05, 1e-05, 1e-05, 1e-05, 1e-05, 1e-05, 1e-05, 1e-05, 1e-05, 1e-05, 1.0000000000000002e-06, 1.0000000000000002e-06, 1.0000000000000002e-06, 1.0000000000000002e-06, 1.0000000000000002e-06, 1.0000000000000002e-06, 1.0000000000000002e-06, 1.0000000000000002e-06, 1.0000000000000002e-06, 1.0000000000000002e-06, 1.0000000000000002e-07, 1.0000000000000002e-07, 1.0000000000000002e-07, 1.0000000000000002e-07, 1.0000000000000002e-07, 1.0000000000000002e-07, 1.0000000000000002e-07, 1.0000000000000002e-07], "train_loss": [0.5140673146571642, 0.1245254283701932, 0.07503383756143811, 0.07692265876189426, 0.06346608624782091, 0.060425182804465294, 0.059776906567959136, 0.06024923653882227, 0.05700809917884109, 0.05571900768044554, 0.05299515615182894, 0.05128694415368416, 0.05052848355729639, 0.04993942727185326, 0.049625120114213155, 0.0495035533827764, 0.04899303116088296, 0.04868196130350784, 0.048523280700599705, 0.04803293025879948, 0.04757061614482491, 0.04718355222800632, 0.04722632190649524, 0.04719470348209143, 0.04702985709832038, 0.0467584252955369, 0.046814264062746073, 0.04667893898339919, 0.04694232180208704, 0.04683856590202561, 0.04657582345384138, 0.04661356619800682, 0.0467373777732805, 0.04665734864955331, 0.04636062483912633, 0.04630235371030407, 0.046640578002013544, 0.04637900593886037, 0.04639807467659315, 0.046614673655526136, 0.04654422928981575, 0.04663136463474344, 0.04664435850479352, 0.046522215077722515, 0.04652192031987655, 0.046545634552100555, 0.04658727123643513, 0.046628553615768016], "train_acc": [0.5304953455924988, 0.8450464606285095, 0.9017802476882935, 0.88637775182724, 0.9139319062232971, 0.9189628958702087, 0.9179566502571106, 0.9171826839447021, 0.9270898103713989, 0.9291020631790161, 0.9377709031105042, 0.9422600865364075, 0.9456655979156494, 0.9469039440155029, 0.947058916091919, 0.9472136497497559, 0.9503870010375977, 0.951625406742096, 0.9499226212501526, 0.9515479803085327, 0.9527090191841125, 0.9536378383636475, 0.9530959725379944, 0.9548761248588562, 0.9545665979385376, 0.9549536108970642, 0.9547987580299377, 0.9553406238555908, 0.9550309777259827, 0.9544117450714111, 0.9568111300468445, 0.9559597373008728, 0.9563468098640442, 0.9561144709587097, 0.9567338228225708, 0.9554953575134277, 0.9555727243423462, 0.9558049440383911, 0.9551083445549011, 0.9564241766929626, 0.9555726647377014, 0.9560371041297913, 0.9558823704719543, 0.9563468098640442, 0.9563468098640442, 0.9555727243423462, 0.9558823704719543, 0.9561145901679993], "val_loss": [0.18692526003209556, 0.08307464548000475, 0.1246771290898323, 0.06585561247860514, 0.0653707020711608, 0.06461825276293405, 0.06406731549196126, 0.05699792177211947, 0.06075624140297494, 0.06522830948233604, 0.05489770977235422, 0.05388087170516572, 0.05412976225701774, 0.05427982930730029, 0.054258795137085564, 0.05326448181053487, 0.05317715764409158, 0.05335235132313356, 0.05347009684617927, 0.053662909694561146, 0.052247708799635494, 0.053039772935756825, 0.053528504218997026, 0.05223231453721116, 0.052318644414587716, 0.05250820762863973, 0.05340845646654687, 0.05219255087942612, 0.05233378726534727, 0.05214207210555309, 0.05258593753707118, 0.05270905147601918, 0.05213598116505437, 0.052618784966265285, 0.05259146950230366, 0.05225898952382367, 0.052099675666995166, 0.05154039847051225, 0.0523604282700434, 0.052169075917179994, 0.05269689921562264, 0.052223923457104984, 0.052294154810469326, 0.052127142868390895, 0.05248633644929746, 0.05474290860498824, 0.05172851917947211, 0.05219474771037334], "val_acc": [0.797213613986969, 0.8931888341903687, 0.7978328466415405, 0.9247678518295288, 0.8965944647789001, 0.9182662963867188, 0.9167183041572571, 0.9346749782562256, 0.9325077533721924, 0.927554190158844, 0.9343652725219727, 0.9390092492103577, 0.9427244663238525, 0.9417957067489624, 0.9430340528488159, 0.9436532855033875, 0.9402477145195007, 0.9427244663238525, 0.9433436989784241, 0.9452012181282043, 0.9445820450782776, 0.9455109238624573, 0.9455108046531677, 0.9458204507827759, 0.9455108046531677, 0.9448916912078857, 0.9464396834373474, 0.9455108046531677, 0.9470587968826294, 0.9467492699623108, 0.947058916091919, 0.946749210357666, 0.9470587968826294, 0.9452012181282043, 0.9467492699623108, 0.9461299777030945, 0.9445819854736328, 0.9455108046531677, 0.9464395642280579, 0.9461299777030945, 0.9467492699623108, 0.9458204507827759, 0.9461300373077393, 0.9458204507827759, 0.9464395642280579, 0.9458204507827759, 0.9458204507827759, 0.9464396834373474], "ckp_flag": [4, 8, 12, 13, 15, 16, 20, 22, 24, 27, 29, 31], "early_stop": [48]}